Datetime,Water Level (m)
2026-09-13 00:00:00,-0.016510187
2026-09-13 01:00:00,-0.25316685
2026-09-13 02:00:00,-0.434985
2026-09-13 03:00:00,-0.44804603
2026-09-13 04:00:00,0.015492891
2026-09-13 05:00:00,0.59109217
2026-09-13 06:00:00,1.0999534
2026-09-13 07:00:00,1.4557455
2026-09-13 08:00:00,1.3994877
2026-09-13 09:00:00,1.0791359
2026-09-13 10:00:00,0.68746305
2026-09-13 11:00:00,0.33930424
2026-09-13 12:00:00,0.0532216
2026-09-13 13:00:00,-0.18886214
2026-09-13 14:00:00,-0.3883162
2026-09-13 15:00:00,-0.4766536
2026-09-13 16:00:00,-0.063421
2026-09-13 17:00:00,0.50975144
2026-09-13 18:00:00,1.0106008
2026-09-13 19:00:00,1.3996594
2026-09-13 20:00:00,1.448483
2026-09-13 21:00:00,1.1899949
2026-09-13 22:00:00,0.8277451
2026-09-13 23:00:00,0.48198348
2026-09-14 00:00:00,0.19089969
2026-09-14 01:00:00,-0.052372903
2026-09-14 02:00:00,-0.2607845
2026-09-14 03:00:00,-0.401254
2026-09-14 04:00:00,-0.20544057
2026-09-14 05:00:00,0.35555032
2026-09-14 06:00:00,0.8682125
2026-09-14 07:00:00,1.2595179
2026-09-14 08:00:00,1.3709207
2026-09-14 09:00:00,1.1469859
2026-09-14 10:00:00,0.790834
2026-09-14 11:00:00,0.44910926
2026-09-14 12:00:00,0.16018088
2026-09-14 13:00:00,-0.07917295
2026-09-14 14:00:00,-0.284053
2026-09-14 15:00:00,-0.427551
2026-09-14 16:00:00,-0.29511878
2026-09-14 17:00:00,0.24533595
2026-09-14 18:00:00,0.7661541
2026-09-14 19:00:00,1.2095151
2026-09-14 20:00:00,1.4315741
2026-09-14 21:00:00,1.2923752
2026-09-14 22:00:00,0.9721787
2026-09-14 23:00:00,0.61751467
2026-09-15 00:00:00,0.31067917
2026-09-15 01:00:00,0.05934297
2026-09-15 02:00:00,-0.14964698
2026-09-15 03:00:00,-0.308781
2026-09-15 04:00:00,-0.30074236
2026-09-15 05:00:00,0.12564479
2026-09-15 06:00:00,0.6075357
2026-09-15 07:00:00,0.9930535
2026-09-15 08:00:00,1.20134
2026-09-15 09:00:00,1.1455138
2026-09-15 10:00:00,0.8662731
2026-09-15 11:00:00,0.5325056
2026-09-15 12:00:00,0.24092954
2026-09-15 13:00:00,0.0018173223
2026-09-15 14:00:00,-0.20233126
2026-09-15 15:00:00,-0.35784015
2026-09-15 16:00:00,-0.36636302
2026-09-15 17:00:00,0.034970786
2026-09-15 18:00:00,0.52641165
2026-09-15 19:00:00,0.95775265
2026-09-15 20:00:00,1.2666541
2026-09-15 21:00:00,1.3083951
2026-09-15 22:00:00,1.0874478
2026-09-15 23:00:00,0.7692284
2026-09-16 00:00:00,0.45679876
2026-09-16 01:00:00,0.19677131
2026-09-16 02:00:00,-0.014324817
2026-09-16 03:00:00,-0.17967379
2026-09-16 04:00:00,-0.24701889
2026-09-16 05:00:00,0.0087236725
2026-09-16 06:00:00,0.44031605
2026-09-16 07:00:00,0.7979555
2026-09-16 08:00:00,1.0169404
2026-09-16 09:00:00,1.0481603
2026-09-16 10:00:00,0.8618776
2026-09-16 11:00:00,0.5744522
2026-09-16 12:00:00,0.29746965
2026-09-16 13:00:00,0.06478871
2026-09-16 14:00:00,-0.12537438
2026-09-16 15:00:00,-0.27576843
2026-09-16 16:00:00,-0.3352777
2026-09-16 17:00:00,-0.10460228
2026-09-16 18:00:00,0.33213088
2026-09-16 19:00:00,0.73364025
2026-09-16 20:00:00,1.0384092
2026-09-16 21:00:00,1.1771892
2026-09-16 22:00:00,1.0908356
2026-09-16 23:00:00,0.84927684
2026-09-17 00:00:00,0.56473535
2026-09-17 01:00:00,0.31647733
2026-09-17 02:00:00,0.120041914
2026-09-17 03:00:00,-0.027511653
2026-09-17 04:00:00,-0.10556697
2026-09-17 05:00:00,-0.021171417
2026-09-17 06:00:00,0.29595825
2026-09-17 07:00:00,0.6146761
2026-09-17 08:00:00,0.8407923
2026-09-17 09:00:00,0.9321019
2026-09-17 10:00:00,0.84798014
2026-09-17 11:00:00,0.6291156
2026-09-17 12:00:00,0.37882364
2026-09-17 13:00:00,0.15476654
2026-09-17 14:00:00,-0.02354092
2026-09-17 15:00:00,-0.15534416
2026-09-17 16:00:00,-0.21918815
2026-09-17 17:00:00,-0.11070038
2026-09-17 18:00:00,0.21653137
2026-09-17 19:00:00,0.5476562
2026-09-17 20:00:00,0.8123017
2026-09-17 21:00:00,0.9747075
2026-09-17 22:00:00,0.9977293
2026-09-17 23:00:00,0.86452574
2026-09-18 00:00:00,0.6512862
2026-09-18 01:00:00,0.43389857
2026-09-18 02:00:00,0.24944973
2026-09-18 03:00:00,0.11636054
2026-09-18 04:00:00,0.034780487
2026-09-18 05:00:00,0.034907904
2026-09-18 06:00:00,0.18812172
2026-09-18 07:00:00,0.43401185
2026-09-18 08:00:00,0.62819654
2026-09-18 09:00:00,0.7311643
2026-09-18 10:00:00,0.7213321
2026-09-18 11:00:00,0.5958763
2026-09-18 12:00:00,0.4129734
2026-09-18 13:00:00,0.23164459
2026-09-18 14:00:00,0.07836557
2026-09-18 15:00:00,-0.035176896
2026-09-18 16:00:00,-0.10240513
2026-09-18 17:00:00,-0.08718417
2026-09-18 18:00:00,0.07340574
2026-09-18 19:00:00,0.3385523
2026-09-18 20:00:00,0.57662755
2026-09-18 21:00:00,0.738021
2026-09-18 22:00:00,0.8089399
2026-09-18 23:00:00,0.7779581
2026-09-19 00:00:00,0.6642035
